zkratka,nazev,kraj,kontakt,adresa
2BWIN,2BWINNER TEAM,Jihomoravský,Karel Zadák,"Bezručova 284/7Střelice, PSČ 66447"
4DVCB,SK Čtyři Dvory České Budějovice,Jihočeský,Ing. Jaroslav Mleziva,"Fr. Ondříčka 976/6České Budějovice, PSČ 37011"
4SPTE,"4SPORTS TEAM, z. s.",Pardubický,Jakub Marek,"Boženy Němcové 739/1Svitavy, PSČ 56802"
AAZLK,"Atletická akademie Zlínského kraje, z.s.",Zlínský,Lukáš Vojtek,"Žlutá 468Zlín, PSČ 76001"
ACCLI,AC Česká Lípa,Liberecký,Ivana Slaměná,"Volfartice 121Volfartice, PSČ 47112"
ACJAB,"AC Jablonec nad Nisou, z. s.",Liberecký,"AC Jablonec nad Nisou, z. s.","U Stadionu 4586/1Jablonec nad Nisou, PSČ 46601"
ACKDO,"ACK Domažlice, z.s.",Plzeňský,Jan Ledvina,"Žižkova 126Domažlice, PSČ 34401"
ACMKR,AC Moravský Krumlov,Vysočina,Zuzana Marková,"Nad Haltýři 1526Moravský Krumlov - R, PSČ 67201"
ACMLA,"Athletic club Mariánské Lázně, z.s.",Karlovarský,Viktor Borsik,"Křižíkova 707/7Mariánské Lázně, PSČ 35301"
ACPAR,AC Pardubice,Královéhradecký,Pavel Strnad,"Jiráskova 29Pardubice, PSČ 53002"
ACPRA,AC Praha 1890,Středočeský,Kateřina Kautská,"Vilémovice 39Červené Janovice, PSČ 28542"
ACRBK,"AC Rumburk, z.s.",Ústecký,AC Rumburk,"Jiříkovská 194/66Rumburk, PSČ 40801"
ACTEP,Athletic club Teplice z.s.,Ústecký,Jana Brabcová,"SNP 2373/25Ústí nad Labem, PSČ 40011"
ACTUR,"AC Turnov, z. s.",Liberecký,Tomáš Krištof,"Skálova 207Turnov, PSČ 51101"
AHAVY,"Atletický klub AHA Vyškov, z. s.",Jihomoravský,Magdaléna Hajzlerová,"Tyršova 694/15 BVyškov-Předměstí, PSČ 68201"
AKEZK,Atletický klub Emila Zátopka Kopřivnice,Moravskoslezský,Jana Feilhauerová,"Štefánikova 1163Kopřivnice, PSČ 74221"
AKHOD,"Atletický klub Hodonín,z.s.",Jihomoravský,Petr Šíma,"Měšťanská 16Hodonín, PSČ 69501"
AKCHO,AK Chotěšov z. s.,Ústecký,Vojtěch Jandač,"Chotěšov 36Lovosice, PSČ 41002"
AKKRN,"Atletický Klub Krnov, spolek",Moravskoslezský,Václav Prusek,"Láryšov 120Býkov-Láryšov, PSČ 79401"
AKKRU,"Atletický klub Krupka, z.s.",Ústecký,Jana Bauckmannová,"Drahkov 45Modlany, PSČ 41501"
AKLDB,"Atletický klub Ludvíka Daňka Blansko, z.s.",Jihomoravský,Ondřej Ellinger,"Mlýnská 1488/18Blansko, PSČ 67801"
AKLOL,Atletický klub Olomouc z.s.,Olomoucký,AK Olomouc,"17.listopadu 1139/3Olomouc, PSČ 77900"
AKLOU,"Atletický klub Louny, z.s.",Ústecký,Jan Hřích,"Myslbekova 1392Louny, PSČ 44001"
AKMOS,AK Most,Ústecký,Milan Rybák,"Jižní 3172Most, PSČ 43401"
AKMTR,AK Slovan Moravská Třebová,Pardubický,Vladimíra Machačová,"Stážnického 8Moravská Třebová, PSČ 57101"
AKOLY,"AK Olymp Brno, spolek",Jihomoravský,Mgr. Tomáš Klíma,"Lidická 718/77Brno, PSČ 60200"
AKRAB,AKR ATLETIKA Bechyně,Jihočeský,Alice Skalka Suchanová,"Zářečí 497Bechyně, PSČ 39165"
AKRCM,AKR Český maratonský atletický kroužek,Pražský,Jiří Nečásek,"Františka Křížka 461/11Praha 7, PSČ 17000"
AKRJI,AKR Jirny,Středočeský,Kamila Šrolerová,"Brandýská 39Jirny, PSČ 25090"
AKRKL,AKR Atletika Kamenice nad Lipou,Jihočeský,Monika Pfaurová,"Včelnička 118Včelnička, PSČ 39470"
AKRKM,AKR Atletika Kamenice & Sulice,Středočeský,Kristina Brázdová,"Borová Lhota 374Borová Lhota, PSČ 25722"
AKRMO,AKR Atletika Moravská Nová Ves,Jihomoravský,Mgr. Pavel Šrámek,"Vítězství 1041Moravská Nová Ves, PSČ 69155"
AKRPO,AKR TEP Atletika Poděbrady,Středočeský,Helena Jiranová,"Krátká 94Pečky, PSČ 28911"
AKRSE,AKR Atletika Sedlčany,Středočeský,Barbora Kelichová,"Kosova Hora 383Kosova Hora, PSČ 26291"
AKRST,AKR Stochov,Středočeský,Atletický kroužek Stochov,"Jaroslava Šípka 387Stochov, PSČ 27303"
AKRZR,AKR Železná Ruda,Plzeňský,Kateřina Strnadová,"Zahradní 403Železná Ruda, PSČ 34004"
AKSEM,"Atletický klub Semily, z.s.",Liberecký,"Atletický klub Semily, z.s.","3. května 327Semily, PSČ 51301"
AKSOK,"Atletický klub Sokolov, spolek",Karlovarský,Jana Procházková,"Švabinského 1707Sokolov, PSČ 35601"
AKSTE,Atletický klub Šternberk z.s.,Olomoucký,Atletický klub Šternberk z.s.,"Lidická 1273/17Šternberk, PSČ 78501"
AKTPR,SK Aktis Praha z.s.,Pražský,SK Aktis Praha,"Jaroslava Foglara 1335/12Praha 5, PSČ 15500"
AKVNO,"Atletický klub Vnorovy, z.s.",Neznámý,Josef Korvas,"Zahradní 677Vnorovy, PSČ 69661"
AKZLI,"Atletický klub Zlín, z.s.",Zlínský,Lukáš Vojtek,"Hradská 854Zlín, PSČ 76001"
ANTEZ,SK ANTE Žďár nad Sázavou,Vysočina,Karel Čermák,"Libušínská 204/13Žďár nad Sázavou, PSČ 59101"
AORIC,T.J. Sokol Říčany a Radošovice,Středočeský,David Beneš,"Sokolská 395Říčany, PSČ 25101"
APOLO,"Atletické přípravky Olomouc, zapsaný spolek",Olomoucký,Dalibor Hon,"Pražská 140/1Olomouc, PSČ 77900"
ARCBR,Athletic Runners Club Brno z. s.,Jihomoravský,Jiří Sequent,"Fibichova 777/45Brno, PSČ 61200"
ARIPR,SK Aritma Praha,Pražský,SK Aritma Praha - Atletika Zbyněk Zahrádka,"Na Luzích 260/15Praha 6, PSČ 16000"
ASHTN,"Aktiv Sport Horšovský Týn, z.s.",Plzeňský,Zdeněk Šilhánek,"Tyršova 293Horšovský Týn, PSČ 34601"
ASKAL,ASK Altsport z.s.,Středočeský,Iveta Altmannová,"Unhošť 110eUnhošť, PSČ 27351"
ATALF,"Atletická academie Ludmily Formanové, z.s.",Středočeský,Ludmila Formanová,"Šípková 1765Čáslav, PSČ 28601"
ATBEN,Atletika Benešov z.s.,Středočeský,Atletika Benešov z.s. Atletický stadion Benešov,"Sportovní 2433Benešov, PSČ 25601"
ATCEL,Atletika Čelákovice z.s.,Středočeský,Lenka Šupová,"Dukelská 1763Čelákovice, PSČ 25088"
ATCLO,"Atletika Človíček, z. s.",Pražský,Dita Franklová,"Na Břehu 260/1Praha 9, PSČ 19000"
ATCUL,Athletic Club Ústí n/L. z.s.,Ústecký,Mgr. Miroslav Vachuta,"Pod Skalou 67Ústí nad Labem, PSČ 40340"
ATHAV,Atletika Havířov 1965,Moravskoslezský,Tomáš Kopecký,"Mozartova 5Havířov - Město, PSČ 73601"
ATHOL,"Atletika Holešov, z.s.",Zlínský,Jakub Hřib,"Tučapy 119Holešov, PSČ 76901"
ATHOS,ATLETIKA HOSTIVAŘ z.s.,Pražský,Petra Černá,"Hokejová 930/8Praha 10, PSČ 10200"
ATHUS,TJ Agrotec Hustopeče z.s.,Jihomoravský,Zbyněk Háder,"Na Výsluní 9Hustopeče, PSČ 69301"
ATJES,"Atletika Jesenice, z.s.",Středočeský,Jiří Mlčkovský,"Heřmánková 321Jesenice, PSČ 25242"
ATKAD,ATLETIKA Kadaň z.s.,Ústecký,Václav Peleška,"Školní 1540Kadaň, PSČ 43201"
ATKLA,Atletika Klatovy z.s.,Plzeňský,Bohumil Němec,"Jungmannova 311Klatovy III, PSČ 33901"
ATKRN,Atletika Krnov z.s.,Moravskoslezský,Jiří Grulich,"Sovova 1005/1Krnov, PSČ 79401"
ATKSL,"ATK Šlapanice, z. s.",Jihomoravský,Petr Fruhwirt,"Mikulčická 1075/12Brno, PSČ 62700"
ATKYS,Atletika Kyšice z.s.,Plzeňský,Roman Sladký,"Kyšice 387Kyšice, PSČ 33001"
ATLAL,Atletika Aligators,Jihomoravský,Kateřina Herzánová,"Vinařská 29Klobouky u Brna, PSČ 69172"
ATLAN,Atletika TJ Lanškroun,Pardubický,Pavel Resler,"Vančurova 462Lanškroun, PSČ 56301"
ATLHB,Atletika TJ Sokol Havlíčkův Brod,Vysočina,Radek Musil,"Sídliště Pražská 2849Havlíčkův Brod, PSČ 58001"
ATLJM,Atletika Jižní Město z.s.,Pražský,Atletika Jižní Město z.s.,"Stříbrského 681/18Praha 4, PSČ 14900"
ATLKL,"Atletika Kladno, z.s.",Středočeský,Jaromír Seidl,"Estonská 2568Kladno, PSČ 27201"
ATNJI,Atletika Nový Jičín z. s.,Moravskoslezský,Pavel Sedlář,"Nerudova 5Nový Jičín, PSČ 74101"
ATOKR,"Atletika Okříšky, z.s.",Vysočina,Vratislav Fišera,"Aug. Kratochvíla 372Třebíč, PSČ 67401"
ATOPA,"SK ATLETIKA Opava, z.s.",Moravskoslezský,Alexandr Malysa,"U Dráhy 10aOpava, PSČ 74705"
ATPEL,Atletika Pelhřimov,Jihočeský,Tomáš Mocek,"Dvořákova 1242Pelhřimov, PSČ 39301"
ATPIS,"Atletika Písek, z.s.",Jihočeský,Ivan Čuřín,"Nádražní 1783Písek, PSČ 39701"
ATPOL,"ATLETIKA Polička, spolek",Pardubický,Ondřej Klimeš,"Družstevní 449Polička, PSČ 57201"
ATPRA,Atletika Prachatice,Jihočeský,Antonín Pilát,"Perlovice 3Prachatice, PSČ 38301"
ATREP,"Atletika Řepy, z.s.",Pražský,Rozálie Lautnerová,"Španielova 1320Praha, PSČ 16300"
ATRUD,ATLETIK RUDNÁ z. s.,Středočeský,Miroslav Donchev,"Okružní 466Nučice, PSČ 25216"
ATUHR,Atletika Uhříněves,Pražský,Kateřina Erbsová,"Hulanova 1386Praha 22 - Uhříněves, PSČ 10400"
ATVLA,"Atletika Vlašim, z.s.",Středočeský,Martin Svoboda,"Komenského 1411Vlašim, PSČ 25801"
ATZAB,"Atletika Zábřeh, z. s.",Olomoucký,"Atletika Zábřeh, z. s.","Postřelmovská 2265/4Zábřeh, PSČ 78901"
BABIC,SK Babice,Středočeský,Jan Havlíček,"Na Kopci 0128Svojetice, PSČ 25162"
BEROU,TJ Lokomotiva Beroun z.s.,Středočeský,Miroslav Vondra,"Slapská 1499Beroun, PSČ 26601"
BEZEC,"Český běžecký klub, z.s.",Pražský,"Český běžecký klub, z.s.","Na Pískách 2583/8Praha 6 - Dejvice, PSČ 16000"
BILIN,AK Bílina,Ústecký,Atletický klub Bílina,"BOX 11Bílina, PSČ 41801"
BKFCK,"Běžecký klub F-C Kadaň, z.s.",Ústecký,Čeněk Filingr,"Pionýrů 1095Kadaň, PSČ 43201"
BKHOD,Běžecký klub Hodonín z.s.,Jihomoravský,Pavel Bíla,"J. Suka 2947/11Hodonín, PSČ 69503"
BKLOU,"Běžecký klub Louny, z.s.",Ústecký,Petr Tyl,"Akátová 2689Louny, PSČ 44001"
BKNAC,Běžecký klub Náchod,Královéhradecký,Kamil Krunka,"Anglická 520Náchod, PSČ 54701"
BKSPO,"Běžecký klub Spořice, z. s.",Ústecký,Stanislav Mrkáček,"Lipová 430Spořice, PSČ 43101"
BKTEP,BK BĚKODO při TJ Loko Teplice,Ústecký,Petr Vorlíček,"Antala Staška 1712/13Teplice, PSČ 41501"
BLADV,Atletický klub Blansko Dvorská,Jihomoravský,Jiří Vrtílka,"Spešov čp. 39Spešov, PSČ 67902"
BLANS,ASK Blansko,Jihomoravský,Martin Bezdíček,"Družstevní 6Blansko, PSČ 67801"
BLATN,TJ BLATNÁ z.s.,Jihočeský,Jaroslava Mlsová,"Průchova 637Blatná, PSČ 38801"
BOHPR,TJ Bohemians Praha,Pražský,Ing.  Jaroslav Fic,"Brumovická 2Praha 15, PSČ 10200"
BOHUM,"Atletický klub Bohumín, z.s.",Moravskoslezský,Ondřej Veselý,"Komenského 1150Bohumín, PSČ 73581"
BRECL,Lokomotiva FOSFA Břeclav,Jihomoravský,Zbyněk Chlumecký,"Veslařská 2753/1aBřeclav, PSČ 69002"
BRUNT,TJ Olympia Bruntál z.s.,Moravskoslezský,TJ Olympia Bruntál,"Zahradní 1455/1Bruntál, PSČ 79211"
BYACB,BYAC Brno,Jihomoravský,BYAC Brno,"Laštůvkova 77Brno, PSČ 63500"
BYSNP,Sportovní klub Bystřice n.P.,Vysočina,Sportovní klub Jan Illek,"Dr. Veselého 268Bystřice n. P., PSČ 59301"
BZENY,Báječné ženy v běhu,Pražský,Karolína Jeníková,"V rovinách 511/48Praha 4, PSČ 14000"
CASLA,AC Čáslav z.s.,Středočeský,Břetislav Vaněk,"Na Bělišti 184Čáslav, PSČ 28601"
CBROD,"TJ Slavoj Český Brod, z.s.",Středočeský,Mgr.  Jana Machorková,"Bulharská 1066Český Brod, PSČ 28201"
CECCB,"TJ SK Čéčova Č.Budějovice, z.s.",Jihočeský,Pavel Váňa,"Plzeňská 36České Budějovice, PSČ 37004"
CEJKO,AC Čejkovice,Neznámý,Marek Hlinecký,"Okružní 837Čejkovice, PSČ 69615"
CELAK,"TJ Spartak Čelákovice,z.s.",Středočeský,Jaroslav Ryneš,"Volmanova 1744Čelákovice, PSČ 25088"
CERMA,SK Antonína Čermáka z. s.,Pražský,Mgr. Petr Karvánek,"Antonína Čermáka 6Praha 6, PSČ 16000"
CIMEL,Atletic Club Čimelice,Jihočeský,Jan Račan,"Čimelice 284Čimelice, PSČ 39804"
CTREB,"Atletický klub ISCAREX Česká Třebová, z.s.",Pardubický,Aleš Stránský,"Kozlovská 847Česká Třebová, PSČ 56002"
CVIKO,Dům dětí a mládeže Cvikováček Cvikov,Liberecký,Marek Jakobi,"Školní 298Cvikov, PSČ 47154"
CZSTR,TJ ČZ Strakonice,Jihočeský,Martin Plaček,"Mutěnice 69Strakonice, PSČ 38601"
CZUPR,"TJ ČZU Praha, z.s.",Pražský,Petr Mašek,"U Dubu 1224/41Praha 4, PSČ 14700"
ČAULT,Česká asociace ultramaratonců z.s.,Jihomoravský,Daniel Orálek,"Grohova 102/3Brno, PSČ 60200"
DCOST,"Dětské centrum Ostroměř, z.s.",Liberecký,Mgr. Miroslav Špicar,"Školní 334Ostroměř, PSČ 50752"
DDMKO,Atletika DDM Kostelec nad Orlicí,Královéhradecký,Jan Alexandr Dostálek,"Žižkova 367Kostelec nad Orlicí, PSČ 51741"
DDMTA,DDM Tachov,Plzeňský,Václav Mužík,"Školní 1638Tachov, PSČ 34701"
DECIN,ASK Děčín,Ústecký,Miroslav Neumann,"Dolní Žleb 1Děčín XIV, PSČ 40502"
DESNA,"TJ Desná, z.s.",Liberecký,"TJ Desná, z.s.","Údolní 426Desná I, PSČ 46861"
DIPOL,ASK Dipoli z.s.,Středočeský,Tomáš Vodička,"Štěrková 242Kosoř, PSČ 25226"
DLTRE,"TJ Dlouhá Třebová, z.s.",Pardubický,Lukáš Razým,"Na Rybníku 256Dlouhá Třebová, PSČ 56117"
DOBRU,SK Dobruška z.s.,Královéhradecký,Luděk Ovčarik,"Mírová 741Dobruška, PSČ 51801"
DOKSY,"Atletika Doksy, z. s.",Liberecký,Vlastimil Tuťálek,"Sochorova 822Doksy, PSČ 47201"
DOLAR,Dolar Hajnice,Královéhradecký,Zuzana Petr Ernestová,"Hajnice  59Hajnice, PSČ 54466"
DOLPO,Sokol Dolní Počernice z.s.,Pražský,Petr Polcar,"Nad Rybníkem 384Praha 9 - Dolní Poče, PSČ 19012"
DOMAZ,"AC Domažlice, z. s.",Plzeňský,"Petr Konop AC Domažlice, z. s.","Palackého 215Domažlice, PSČ 34401"
DOUDL,Atletický oddíl T.J. Sokol Doudleby nad Orlicí,Královéhradecký,Radka Suchomelová,"Na Rybníkách 461Doudleby nad Orlicí, PSČ 51742"
DUCHC,AK Slovan Duchcov,Ústecký,Mgr. Martina Nosová,"Míru 25/6Duchcov, PSČ 41901"
DUKPR,TJ Dukla Praha,Pražský,Pavel Javůrek,"ASC Dukla, PS 59Praha 6, PSČ 16044"
DVKRA,"TJ Dvůr Králové n/L,z.s.",Královéhradecký,Michal Sirový,"Nábřeží Benešovo 1677Dvůr Králové n/L., PSČ 54401"
ELITA,"Elitavers - Sportovní akademie Jihlava, z.s.",Vysočina,Libor Kuchyňa,"Kpt. Jaroše 19Jihlava, PSČ 58601"
ESBOL,"Energy sports team, z.s.",Moravskoslezský,Bronislav Hlaváč,"Průmyslová 989/12aBolatice, PSČ 74723"
ESBOS,"Elite Sport Boskovice, z. s.",Jihomoravský,Bohdan Charvát,"Hybešova 12Boskovice, PSČ 68001"
FENIX,Fénix sport Blansko,Jihomoravský,Jan Kohut,"Pod Javory 2058/18Blansko, PSČ 67801"
FKIDS,"Family for kids, z.s.",Moravskoslezský,Pavel Reis,"Jurkovičova 1547/12Karviná - Nové Město, PSČ 73506"
FMIST,"Tělovýchovná jednota Slezan Frýdek-Místek, z.s.",Moravskoslezský,Josef Nejezchleba,"Na Příkopě 1159Frýdek-Místek, PSČ 73801"
FTVSP,VSK FTVS Praha,Pražský,Radim Jebavý,"José Martího 31Praha 6, PSČ 16252"
HBROD,TJ Jiskra Havlíčkův Brod,Vysočina,JUDr. Slavomír Koreček,"U Rybníčku 4044Havlíčkův Brod, PSČ 58001"
HESUL,"HESU-Liberec, z.s.",Pražský,Jan Žalud,"Halenkovská 484/10Praha 5, PSČ 15521"
HESUP,"HESU, z.s.",Pražský,Jan Žalud,"Halenkovská 484/10Praha 5, PSČ 15521"
HKRAL,TJ Sokol Hradec Králové,Liberecký,Zuzana Zámečníková,"Eliščino nábřeží 777Hradec Králové, PSČ 50003"
HLUVL,T. J. Sokol Hluboká nad Vltavou,Jihočeský,David Šťastný,"Masarykova 35Hluboká nad Vltavou, PSČ 37341"
HOROV,TJ Spartak Hořovice,Středočeský,Jiří Matějka,"Praskolesy 278Praskolesy, PSČ 26754"
HOSTA,"Atletický klub Hošťálkovice, z. s.",Moravskoslezský,Radim Šink,"Výhledy 210Ostrava-Hošťálkovice, PSČ 72528"
HRANI,"SK Hranice, z.s.",Olomoucký,Mgr. Klára Úlehlová,"M. Tyrše 306Hranice IV-Drahotuše, PSČ 75361"
HRRUN,Hobby Runners z. s.,Pražský,Martin Durych,"Terronská 896/52Praha 6 - Bubeneč, PSČ 16000"
HUMPO,TJ Jiskra Humpolec,Jihočeský,Radka Brůnová,"Panský vrch 307Humpolec, PSČ 39601"
HVEPA,Hvězda Pardubice z.s.,Královéhradecký,Hvězda Pardubice z.s.,"Čs. armády 2515Pardubice, PSČ 53002"
CHOCE,"AC Choceň, spolek",Pardubický,Antonín Lakota,"M. Alše 1583Choceň, PSČ 56501"
CHODO,"ŠAK Chodov, z. s.",Karlovarský,"Školní atletický klub Chodov, z. s.","Husova 1094Chodov, PSČ 35735"
CHOPL,"TJ Slavoj Chodová Planá, z.s.",Plzeňský,Miroslava Suková,"Husitská 470Chodová Planá, PSČ 34813"
CHOTE,SK Chotěboř,Vysočina,Jan Žanda,"Železnohorská 801Chotěboř, PSČ 58301"
CHRUDI,"Atletika Chrudim, z.s.",Královéhradecký,Petr Juliš,"V Průhonech 685Chrudim 3, PSČ 53703"
CHSCH,TJ CHS TURBO Chotěboř,Vysočina,oddíl atletiky TURBO TJ CHS Chotěboř,"Tyršova 794Chotěboř, PSČ 58301"
CHYSK,"TJ Chyšky,z.s.",Jihočeský,Marie Fuková,"Chyšky 113Chyšky, PSČ 39853"
JABOR,TJ Jablonné nad Orlicí,Pardubický,Jan Pešava,"Bystřecká 717Jablonné nad Orlicí, PSČ 56164"
JABPJ,"Sportovní klub ZŠ Jablonné v Podj., z.s.",Liberecký,Sportovní klub ZŠ,"U Školy 98Jablonné v Podj., PSČ 47125"
JACBR,JAC Brno,Jihomoravský,Ctibor Nezdařil,"Kovalovice 206Viničné Šumice, PSČ 66406"
JAROM,TJ Sokol Jaroměř,Královéhradecký,Mgr. Roman Kopecký,"Rumunská 156Jaroměř, PSČ 55102"
JARRO,"Atletika Jaroměřice nad Rokytnou, z.s.",Vysočina,Josef Rygl,"Výčapy 155Výčapy, PSČ 67401"
JEMNI,"Atletika Jemnice, zapsaný spolek",Vysočina,Tomáš Blažek,"Na předlískách 1152Jemnice, PSČ 67531"
JESPR,SK Jeseniova,Pražský,SK ZŠ Jeseniova z.s.,"Jeseniova 96/2400Praha 3, PSČ 13000"
JEVAN,SK Jevany z.s.,Středočeský,Nikola Tomková,"Sportovní 388Jevany, PSČ 28166"
JHKMA,Jihočeský klub maratonců z.s.,Jihočeský,Miroslav Šimek,"Trocnovská 31/47České Budějovice, PSČ 37004"
JHZLI,AC Wozmeni Zlín z.s.,Zlínský,Přemysl Liška,"Mokrá I 313Zlín, PSČ 76001"
JICIN,"AC TJ Jičín, z. s.",Liberecký,AC TJ Jičín,"Rybníček 66Brada-Rybníček, PSČ 50601"
JIHLA,Atletika Jihlava z.s.,Vysočina,Pavel Nosek,"Hruškové dvory 140Jihlava, PSČ 58601"
JILEM,TJ Jilemnice,Královéhradecký,Milan Půlpán,"Prostřední Lánov 239Lánov, PSČ 54341"
JINBY,"TJ Jiskra Nová Bystřice, z.s.",Jihočeský,Mgr. Václav Zajíc,"Hradecká 390Nová Bystřice, PSČ 37833"
JITPR,ŠSK ZŠ Jitřní Praha z.s.,Pražský,Mgr. Vlastimil Čepelák,"Moskevská 471/44Praha 10, PSČ 10100"
JITRE,TJ Jiskra Třeboň,Jihočeský,Ing. Milan Sodomka,"Tylova 136Třeboň, PSČ 37901"
JIZRU,TJ Jiskra Zruč nad Sázavou z.s.,Středočeský,Atletika TJ Jiskra Zruč nad Sázavou,"5. května 510Zruč nad Sázavou, PSČ 28522"
JUMAR,"Juniorský maratonský klub, z.s.",Pražský,Tomáš Mirovský,"Fr. Křížka 11Praha 7, PSČ 17000"
KARVI,"TJ Jäkl Karviná, z. s.",Moravskoslezský,,"Univerzitní nám. 242/2Karviná - Fryštát, PSČ 73301"
KAZIN,SK KAZÍN – Dolní Mokropsy,Středočeský,Eva Vojtěchová,"Na Marsu 393Černošice, PSČ 25228"
KBEPR,TJ Sokol Kbely Praha,Pražský,Ondřej Šedivý,"Vágnerova 1036/4Praha 9 - Kbely, PSČ 19700"
KLAOR,T.J. Sokol Klášterec nad Orlicí,Pardubický,Zdeněk Kristejn,"Klášterec nad Orlicí 34Klášterec nad Orlicí, PSČ 56182"
KLAST,"TJ Klášterec nad Ohří, z.s.",Ústecký,Veronika Purmanová,"Pionýrů 502Klášterec nad Ohří, PSČ 43151"
KOBER,TJ Sokol Kobeřice,Moravskoslezský,Hubert Jašek,"Osmilány 629Kobeřice, PSČ 74727"
KOLIN,TJ Sokol Kolín-atletika,Středočeský,Klára Tučková,"Tisovecká 903Kolín II, PSČ 28002"
KOMEK,"Kome Klub Kraslice, z.s.",Karlovarský,Jakub Merle,"U nemocnice 1979Kraslice, PSČ 35801"
KOREL,KORELA SPORTS TEAM z. s.,Vysočina,Ing. Michal Remeš,"Demlova 3589/9Jihlava, PSČ 58601"
KORVV,TJ Velká nad Veličkou,Neznámý,Dušan Macko,"Velká nad Veličkou 944Velká nad Veličkou, PSČ 69674"
KOTPR,"SK Kotlářka Praha, z.s.",Pražský,"SK Kotlářka, z.s.","Na Kotlářce 2767/14Praha 6, PSČ 16000"
KROME,AK Kroměříž,Zlínský,Ota Šedý,"Vrchlického 2899Kroměříž, PSČ 76701"
KURIM,"Atletický klub Kuřim, z.s.",Jihomoravský,Kateřina Tajovská,"Metelkova 1773Kuřim, PSČ 66434"
KYJOV,"Atletický klub Kyjov, z.s.",Jihomoravský,Alois Vrbovský,"J. Úprky 885Kyjov, PSČ 69701"
LETOV,"Atletický klub Letovice, z.s.",Jihomoravský,Ondřej Lang,"Průchodní 1001/2Letovice, PSČ 67961"
LIAZJ,"TJ LIAZ Jablonec n/N., z.s.",Liberecký,TJ LIAZ Jablonec oddíl atletiky,"U Stadionu 4586/1Jablonec nad Nisou, PSČ 46601"
LIBEZ,"Atletika Líbeznice, z.s.",Středočeský,Lenka Zatylnyjová,"Kojetická 636Líbeznice, PSČ 25065"
LIGHK,TJ Liga 100 Hradec Králové z.s.,Liberecký,Jiří Brych,"Exnárova 540/3Hradec Králové 11, PSČ 50011"
LIGOL,"TJ Liga stovkařů Olomouc, z.s.",Olomoucký,Adam Fritscher,"Růžová 462/36Olomouc, PSČ 77900"
LITOM,TJ Jiskra Litomyšl,Pardubický,Petr Jonáš,"17.listopadu 1001Litomyšl, PSČ 57001"
LITVI,"Atletika Litvínov, z.s.",Ústecký,Pavel Břicháč,"Šaldova 1187Litvínov, PSČ 43601"
LOKOD,AK Loko Děčín z.s.,Ústecký,Jan Handlíř,"28. října 1082/23Děčín I - Děčín, PSČ 40502"
LOMNP,"AK Lomnice nad Popelkou, z.s.",Liberecký,Petr Pivrnec,"Kampelíkova 516Lomnice nad Popelkou, PSČ 51251"
LOVOS,ASK Lovosice,Ústecký,Miroslav Pavlík,"Skalice 77Litoměřice, PSČ 41201"
LSKLA,"Sportovní klub LS Kladno, z. s.",Středočeský,Lenka Samková,"M. Švabinského 901Kladno, PSČ 27201"
LUDGE,Běžecký klub Ludgeřovice,Moravskoslezský,"Běžecký klub Ludgeřovice,z.s.","Uzavřená 659/10Ludgeřovice, PSČ 74714"
MAGAK,MAGA Krupka z.s.,Ústecký,Pavla Schneiderová,"Fučíkova 153Krupka, PSČ 41742"
MAKLA,"Maratón klub Kladno, z.s.",Středočeský,Metoděj Fikes,"Masarykova 29Kačice, PSČ 27304"
MAPLZ,"SC MARATHON PLZEŇ,z.s.",Plzeňský,Ing. Vlastimil Šroubek,"Plovární 478/1Plzeň, PSČ 30100"
MCABR,MC atletika Brno,Jihomoravský,David Nerud,"Antonína Smutného 41Střelice, PSČ 66447"
MIKUL,"TJ Mikulčice z.s., atletický oddíl",Jihomoravský,TJ Mikulčice z.s. Atletický oddíl Mikulčice,"Těšice 647Mikulčice , PSČ 69619"
MILDO,MÍLAŘI Domažlice,Plzeňský,David Sekerák,"Břetislavova 568Domažlice, PSČ 34401"
MILEV,TJ Sokol Milevsko,Jihočeský,Ing. Pavel Fleischmann,"Komenského 977Milevsko, PSČ 39901"
MILOV,TJ Sokol Milovice,Středočeský,Olivie Rubášová,"Školská 3110Milovice, PSČ 28923"
MKOST,Maraton klub Seitl Ostrava z.s.,Moravskoslezský,Jana Václavková,"Marie Majerové 1736/2Ostrava - Poruba, PSČ 70800"
MKRAL,Atletický oddíl SK Městec Králové,Středočeský,Petr Karásek,"Kaštanová 131Záhornice, PSČ 28903"
MLBOL,AC Mladá Boleslav z.s.,Středočeský,Libor Dinga,"Boženy Němcové 634/16Mladá Boleslav, PSČ 29301"
MOSBR,"AC Moravská Slavia Brno, spolek",Jihomoravský,Ladislav Zouhar,"Vojtova 1020/12cBrno, PSČ 63900"
MSKOR,"Městský sportovní klub Orlová, p.o.",Moravskoslezský,"Městský sportovní klub Orlová, p.o.","Na Stuchlíkovci 340Orlová, PSČ 73514"
MUHOS,AO MUSTANG při TJ Hostivice,Středočeský,Luboš Gaisl,"Lipová 2065Hostivice, PSČ 25301"
NEHVI,AK Sokol Nehvizdy,Středočeský,Tomáš Vojtek,"Pražská 255Nehvizdy, PSČ 25081"
NERAT,TJ Neratovice,Středočeský,Michaela Kučerová,"V Rybníčkách 173Kojetice, PSČ 25072"
NMMET,SK Nové Město nad Metují,Královéhradecký,Libor Šnajdr SK Nové Město nad Metují,"28. října 943Nové Město nad Metuj, PSČ 54901"
NMMOR,TJ Nové Město na Moravě z.s.,Vysočina,Petr Hubáček,"Janská 274Nové Město na Moravě, PSČ 59231"
NOBOR,TJ Jiskra Nový Bor,Liberecký,Monika Choděrová,"Jabloňová 1474Nový Bor, PSČ 47301"
NOHRA,"TJ Sokol Nová Hradečná, z.s.",Olomoucký,Renáta Mikulková,"Nová Hradečná 229Nová Hradečná, PSČ 78383"
NOVPR,ŠAK Novoborská Praha,Pražský,Jiří Kryštof,"Poznaňská 435Praha 8, PSČ 18100"
NPAKA,TJ SOKOL Nová Paka,Liberecký,Ing. Petr Kužel,"Slezská 1017Nová Paka, PSČ 50901"
NVCEL,"TJ Nová Včelnice, z.s.",Jihočeský,Marek Strnad,"Za Řekou 325Nová Včelnice, PSČ 37842"
NYRAN,"ATLETCLUB Nýřany, z.s.",Plzeňský,Ing. Zdeněk Mráček,"Tyršova 670Nýřany, PSČ 33023"
ODLOZ,"Memoriál J. Odložila, z.s.",Pražský,Miroslav Ševčík,"Braunova 902/11Praha 5, PSČ 15000"
OLYKH,SKP Olympia Kutná Hora z.s.,Středočeský,Mgr. Karel Ptáček,"Na Studních 73Kutná Hora, PSČ 28401"
OLYPR,"PSK Olymp Praha, z.s.",Pražský,PSK Olymp Praha-oddíl atletiky,"Za Císařským mlýnem 1063Praha 7 - Stromovka, PSČ 17006"
ORELV,Orel Vyškov,Jihomoravský,"Ing. Jaromír Čapek, Ph.D.","Smetanovo nábřeží 62Vyškov, PSČ 68201"
ORHUL,Orel jednota Hulín,Zlínský,Václav Hána,"Holešovská 574Hulín, PSČ 76824"
OROBR,Orel jednota Brno-Obřany,Jihomoravský,Pavel Ondrušek,"Uherčice 184Uherčice, PSČ 69162"
OSLAV,TJ Oslavany,Jihomoravský,Pavlína Horáková,"Letkovská 26Oslavany, PSČ 66412"
OSTRO,"Atletika Ostrov, z.s.",Karlovarský,Eva Zekuciová,"Krušnohorská 818/2Ostrov, PSČ 36301"
OTROK,TJ Jiskra Otrokovice,Zlínský,Aleš Prudký,"Sport.areál TJ Jiskra  1297Otrokovice, PSČ 76502"
PACOV,TJ Slavoj BANES Pacov,Jihočeský,Pavel Zajíc,"Sídliště Míru 804Pacov, PSČ 39501"
PANBR,Atletický klub Panter Brno z.s.,Jihomoravský,Milan Pírek,"Kubova 4Brno, PSČ 62100"
PERNA,"AK Perná, z.s.",Jihomoravský,František Kolínek,"Perná 325Perná , PSČ 69186"
POCER,ASK ELNA Počerady,Ústecký,Radovan Šabata,"SNP 1861Louny, PSČ 44001"
PORUB,Atletika Poruba z.s.,Moravskoslezský,Zdeněk Duda,"Šachetní 6Rychvald, PSČ 73532"
PREOP,SK PRESTAR Opava z.s.,Moravskoslezský,Jiří Malysa,"U Dráhy 1652/10aOpava 5, PSČ 74705"
PREST,ŠAK při ZŠ Přeštice,Plzeňský,ZŠ Přeštice,"Na Jordáně 1146Přeštice, PSČ 33401"
PRISN,TJ Sokol Přísnotice,Jihomoravský,Jiří Sedláček,"Vranovická 75Přísnotice, PSČ 66463"
PROST,"Atletický klub Prostějov, z. s.",Olomoucký,AC Prostějov,"Sportovní 1Prostějov, PSČ 79601"
PSCHE,PROFI SPORT Cheb z.s.,Karlovarský,Petr Fiala,"K Nemocnici 10 Cheb, PSČ 35002"
RACUD,Atletický klub Račí údolí,Pardubický,David Švestka,"Červená Voda 18Červená Voda, PSČ 56161"
RADPR,SC Radotín Praha,Pražský,Petr Dubský,"Žitavského 524Praha 5 - Zbraslav, PSČ 15600"
RAKOV,TJ Lokomotiva Rakovník,Středočeský,Petr Suk,"Hwiezdoslavova 1422Rakovník, PSČ 26901"
RAZOV,"SOKOL Razová, z.s.",Moravskoslezský,Pavel Vavříček,"Razová 84Razová, PSČ 79364"
RCTYM,"Klub Rozběháme Česko, z. s.",Plzeňský,"Klub  Rozběháme Česko, z. s.","Hodonínská 1058/55Plzeň-Severní Předmě, PSČ 32300"
ROADK,ROAD2KONA,Pražský,ROAD2KONA z.s.,"Boční I 1609/37Praha 4, PSČ 14100"
ROKYC,AC Falcon Rokycany z.s.,Plzeňský,Michal Šůcha,"Sládkova 329/IIIRokycany, PSČ 33701"
ROSIC,AK Rosice z.s.,Jihomoravský,AK Rosice z.s.,"Tyršova 316Rosice, PSČ 66501"
ROUDN,T. J. Sokol Roudnice nad Labem,Ústecký,Jakub Vysoký,"Sokolská 1284Roudnice nad Labem, PSČ 41301"
ROZTO,TJ Sokol Roztoky u Prahy,Středočeský,Mgr. Martin Matas,"Braunerova 994Roztoky u Prahy, PSČ 25263"
RUNZO,Running zone,Jihomoravský,Linda Beniačová,"Botanická 51/53aBrno, PSČ 60200"
RYMAR,ATLETIKA Rýmařov z.s.,Moravskoslezský,Jana Strnadelová,"třída Hrdinů 664/42Rýmařov, PSČ 79501"
SADOB,Sportovní akademie Dobříš,Středočeský,Michal Ciboch,"č.ev.59Dobříš, PSČ 26301"
SAKPR,"Fotbalová Akademie Alexe Zbura Praha, z. s.",Pražský,Alexander Zbur,"Wassermannova 1041/36Praha 5 - Hlubočepy, PSČ 15200"
SAKPU,"ŠAK Pardubice, Benešovka, z. s.",Královéhradecký,Martin Skřivánek,"Blato 131Mikulovice, PSČ 53002"
SAKRU,"Sportovní atletický klub (SAK) Rumburk, z.s.",Ústecký,Ludvík Otradovský,"Františkova 12/12Jiříkov, PSČ 40753"
SANOV,"TJ Sokol Šanov, z.s.",Vysočina,Aneta Reischlová,"Hlavní 63Šanov, PSČ 67168"
SAZAV,TJ Kavalier Sázava,Středočeský,Václav Krupička,"Javorová 375Sázava, PSČ 28506"
SBKKY,Slovácký běžecký klub Kyjov z.s.,Jihomoravský,Radim Matyáš,"Yvetotská 1353/2aKyjov, PSČ 69701"
SBOPR,"Atletický školní klub Mazurská, z. s.",Pražský,Radek Vašíček,"Svídnická 507/5Praha 8, PSČ 18100"
SBSNS,"TJ Sklo Bohemia Světlá nad Sázavou, z.s., oddíl atletiky",Vysočina,Jiří Moravec,"Pěšinky 971Světlá nad Sázavou, PSČ 58291"
SCNSA,"Sportovní Centrum Nové Strašecí, z. s.",Středočeský,Lukáš Knobloch,"Křivoklátská 829Nové Strašecí, PSČ 27101"
SCSKV,SC Start Karlovy Vary,Karlovarský,Michaela Bačová,"Čankovská 556/17Karlovy Vary, PSČ 36005"
SCTPR,SRI CHINMOY TEAM Praha,Pražský,Jaroslav Rosa,"Letovská 532Praha 9 - Letňany, PSČ 19900"
SELMY,SK Rychlé Šelmy z.s.,Jihočeský,Hana Klocová,"Za Pilou 1260Trhové Sviny, PSČ 37401"
SEZUS,TJ Spartak Sezimovo Ústí z.s.,Jihočeský,Marcela Benešová,"Na Házené 696Sezimovo Ústí, PSČ 39102"
SGJAB,ŠAK SG Jablonec n/N.,Liberecký,ŠAK SG Jablonec n/N.,"Dr. Randy 13Jablonec n/N., PSČ 46601"
SGROZ,AC Sportguides Rožnov pod Radhoštěm z.s.,Zlínský,Mgr. Martin Navařík,"Lesní 2330Rožnov pod Radhoštěm, PSČ 75661"
SKAPD,Sportovní klub ATLETIKA PRO DĚTI z.s.,Ústecký,Ludmila Rychnovská,"Spojová 262Jílové u Děčína, PSČ 40701"
SKCLO,"Sportovní klub ZŠ a MŠ Človíček, z. s.",Pražský,Radim Skalický,"Kunická 1568Praha 10 - Hostivař, PSČ 10200"
SKHVO,Sport Klub Hojná Voda,Jihočeský,Luboš Šulista,"Hojná Voda 20Trhové Sviny, PSČ 37401"
SKMOB,Sportovní klub Moravské Budějovice z.s.,Vysočina,Tomáš Kyzlink,"K Hoře 376Moravské Budějovice, PSČ 67602"
SKMVM,SKM Valašské Meziříčí,Zlínský,Jiří Kadla,"Svěrákova 531/32Valašské Meziříčí, PSČ 75701"
SKOBO,"Sportovní klub OB Ostrov, z.s.",Karlovarský,Vladimír Ječmen,"Lidická 1201Ostrov, PSČ 36301"
SKOKJH,"SKOK J. Hradec, z.s.",Jihočeský,Otakar Kinšt,"Pravdova 839Jindřichův Hradec II, PSČ 37701"
SKPCB,SKP České Budějovice,Jihočeský,Petr Lesniak,"Čakov 68Čakov - Dubné, PSČ 37384"
SKPLZ,AK ŠKODA Plzeň,Plzeňský,Vladimír Bartůněk,"Vejprnická 1253/36 (Stadion měPlzeň, PSČ 31800"
SKPNB,"SKP Nymburk, z.s.",Středočeský,Josef Rosůlek,"U Lidušky 1434Nymburk, PSČ 28802"
SKPRE,Sportovní klub Přerov 1908 z.s.,Olomoucký,Ing. Václav Klvaňa,"Svisle 459/5Přerov, PSČ 75002"
SKPRI,"SK Sporting Příbram, z.s.",Středočeský,SK Sporting Příbram,"Legionářů 402Příbram VII, PSČ 26101"
SKPVS,"Sportovní klub policie Vsetín, oddíl atletiky",Zlínský,Šárka Kleibl,"Hovězí 642Vsetín, PSČ 75601"
SKVAC,"Sportovní klub Vacenovice, z.s.",Neznámý,Radim Kacr,"Stanoviska 670Vacenovice, PSČ 69606"
SLANY,Školní atletický klub Slaný,Středočeský,Radomír Jánský,"Rabasova 821Slaný, PSČ 27401"
SLAPR,ASK Slavia Praha,Pražský,ASK Slavia Praha,"Vladivostocká 1460/10Praha 10, PSČ 10000"
SLATI,"Sportovní kluby Spartak Slatiňany, z.s.",Královéhradecký,Zdeněk Jirásek,"T.G.Masaryka 223Slatiňany, PSČ 53821"
SLAVB,"Atletika Slavkov u Brna, z.s.",Jihomoravský,Jakub Navrátil,"Lomená 705Slavkov u Brna, PSČ 68401"
SLEOP,"TJ Slezan Opava, z.s.",Moravskoslezský,"TJ Slezan Opava, z.s.","Boženy Němcové 20Opava, PSČ 74601"
SMICH,Tělocvičná jednota Sokol I. Smíchov,Pražský,TJ Sokol I. Smíchov c/o Bohdan Hollmann,"Plzeňská 27Praha 5, PSČ 15000"
SMOCH,SMOLA CHŮZE Praha,Pražský,Josef Smola,"Starochuchelská 17/13Praha 5, PSČ 15900"
SNLIB,"AC Slovan Liberec, z.s.",Liberecký,Lenka Landová,"Jeronýmova 570/22Liberec 7, PSČ 46007"
SOBIL,TJ Sokol Bílovice nad Svitavou,Jihomoravský,Kateřina Lišková,"Husova 526Bílovice nad Svitavo, PSČ 66401"
SOBOR,TJ Sokol Bor z.s.,Plzeňský,Tomáš Bernášek,"Luční 735Bor, PSČ 34802"
SODKR,TJ Sokol Dvůr Králové n/L.,Královéhradecký,Mgr. Pavlína Špatenková,"Elišky Krásnohorské 154Dvůr Králové n/L., PSČ 54401"
SOKCB,T. J. Sokol České Budějovice,Jihočeský,"T. J. Sokol České Budějovice, oddíl atletiky","Sokolský ostrov 462/1České Budějovice, PSČ 37001"
SOKHB,Atletika TJ Sokol Horní Bečva,Neznámý,Lukáš Pisárik,"č.p. 853Horní Bečva, PSČ 75657"
SOKHP,Atletika Sokol Horní Počernice,Pražský,Jana Petráňová,"Kludských 2749/22Praha 9, PSČ 19300"
SOKOP,TJ Sokol Opava,Moravskoslezský,Tělocvičná jednota Sokol Opava,"Boženy Němcové 22Opava, PSČ 74601"
SOKUN,TJ Sokol Kunvald,Pardubický,Eduard Štumpf,"Kunvald 321Kunvald, PSČ 56181"
SOKZA,Atletika TJ Sokol Žamberk,Pardubický,Blanka Vanická,"Nám. generála Knopa 812Žamberk, PSČ 56401"
SOMEL,"Tělocvičná jednota Sokol na Mělníce, oddíl atletiky",Středočeský,TJ Sokol na Mělníce,"Tyršova 95Mělník, PSČ 27601"
SOOBR,Atletický oddíl TJ SOKOL Obrnice,Ústecký,Petr Svašek,"U stadionu 1352Most, PSČ 43401"
SOPLZ,TJ Sokol SG Plzeň-Petřín,Plzeňský,TJ Sokol SG Plzeň - Petřín,"Koterovská 133Plzeň 26, PSČ 32600"
SPAHL,TJ Spartak Hluk atletika,Jihomoravský,Vladimír Krhovský,"Hlavní 10Hluk, PSČ 68725"
SPAKO,"Sportovní akademie Ostrava, z.s.",Moravskoslezský,Petr Tomis,"Bohumíra Dvorského 1049/1Ostrava - Bělský Les, PSČ 70030"
SPAPR,A. C. Sparta Praha,Pražský,Athletic Club Sparta Praha,"Kovanecká 2405/27Praha 9, PSČ 19000"
SPBRD,SK Mníšecko z. s.,Středočeský,Jiří Hrdlička,"Pražská 329Řitka, PSČ 25203"
SPEBR,"SK Speed Brno, spolek",Jihomoravský,"SK Speed Brno, spolek","Pravlov 58Pravlov, PSČ 66464"
SPOAZ,Sportuj a získáš,Středočeský,Zuzana Tůmová,"Na Prameni 531Dolní Břežany, PSČ 25241"
SPODI,Sportovní klub Sportovní dítě,Středočeský,Jitka Bejdáková,"Dlážděná 405Úhonice, PSČ 25218"
SPPR4,Spartak Praha 4,Pražský,Ing. Tomáš Nakládal,"Děkanská vinice I 987/5Praha 4 - Nusle, PSČ 14000"
SPTRE,"TJ Spartak Třebíč, spolek",Vysočina,Mgr.  Josef Vomela,"Hostákov 36Vladislav, PSČ 67501"
SPZAT,Sporťáci Žatec z.s.,Ústecký,Lucie Smeková,"Pekárenská 2388Žatec, PSČ 43801"
SRPSK,"ŠAKAL Praha – Kbely, z. s.",Pražský,Pavel Karbulka,"Chotětovská 689Praha 19, PSČ 19700"
STBOL,"Atletika Stará Boleslav, z.s.",Středočeský,Ing. Jana Rynešová,"Houštka 375/3Stará Boleslav, PSČ 25002"
STERT,Štefko Running Team,Středočeský,Róbert Štefko,"Za parkem 141Černolice, PSČ 25210"
STETI,"TJ KVS Štětí, z.s.",Ústecký,Michal Kurfirst,"Polské armády 658Štětí, PSČ 41108"
STOPR,"Atletika Stodůlky, z.s.",Pražský,Jiří Hejbal,"U Jezera 2032Praha 13, PSČ 15500"
STREZ,"Atletické středisko Emila Zátopka, spolek",Středočeský,Marie Krumpolcová,"Sportovní 1257Brandýs nad Labem - , PSČ 25001"
STRIB,"TJ Baník Stříbro, spolek",Plzeňský,Alexandr Matulka,"Na vinici 1759Stříbro, PSČ 34901"
STRZE,"Atletický oddíl - STŘELA Žebrák, z.s.",Středočeský,Radimír Holina,"Tichá 580Žebrák, PSČ 26753"
STUDE,"Sportovní klub Studenec, z.s.",Liberecký,Ing. Ivan Uvizl,"Háje nad Jizerou 23Háje nad Jizerou, PSČ 51205"
SUMPE,"TJ Šumperk, z.s.",Olomoucký,Tomáš Vykydal,"Krenišovská 227Vikýřovice, PSČ 78813"
SUSIC,"TJ Sušice, z.s.",Plzeňský,"TJ Sušice, z.s., oddíl atletiky Karel Svojše","Volšovská 42Sušice II, PSČ 34201"
SVCDU,SVČ Dúbrava,Neznámý,Karla Mikešová,"Sokolská 896Vracov, PSČ 69642"
SVCLE,STŘEDISKO VOLNÉHO ČASU Ledeč nad Sázavou,Vysočina,Ing. Petr      Horný,"Petra Bezruče 1070Ledeč nad Sázavou, PSČ 58401"
SVITA,"TJ Svitavy, z. s.",Pardubický,"TJ Svitavy, z.s.","U stadionu 17Svitavy, PSČ 56802"
TABOR,"TJ VS Tábor, z. s.",Jihočeský,"RNDr. Petr Nývlt, Ph.D.","Bydlinského 2867Tábor, PSČ 39003"
TDEJV,#tymdejvid,Jihočeský,David Vaš,"Munice 47Hluboká nad Vltavou, PSČ 37341"
TEKLA,A. C. TEPO Kladno,Středočeský,A.C. TEPO Kladno,"Sportovců 456Kladno 4, PSČ 27204"
TEMPO,TEMPO MAKERS z.s.,Plzeňský,TEMPO MAKERS z.s.,"Hrádecká 1103/14Plzeň, PSČ 31200"
TISNO,"Atletický klub AK Tišnov, z.s.",Jihomoravský,Martin Sebera,"Alšova 976Tišnov, PSČ 66601"
TJCHO,"TJ VTŽ CHOMUTOV,z.s.",Ústecký,"oddíl atletiky TJ VTŽ CHOMUTOV, z.s.","Mánesova 1999Chomutov, PSČ 43001"
TJCHR,"TJ Chropyně, z.s.",Zlínský,Mgr. Kateřina Majtánová,"Hanácké náměstí 552Chropyně, PSČ 76811"
TJNYR,TJ Nýrsko,Plzeňský,Soňa  Stránská Hladíková,"Smetanova 690Nýrsko, PSČ 34022"
TJRUM,TJ Rumburk,Ústecký,Alena Winterová,"Matušova 37/3Rumburk, PSČ 40801"
TJVME,TJ Valašské Meziříčí,Zlínský,Zuzana Hadašová,"Poličná 467Valašské Meziříčí, PSČ 75701"
TJZDA,Atletický oddíl TJ Žďár nad Sázavou z.s.,Vysočina,Radek Pohanka,"Bratří Čapků 2068/13Žďár nad Sázavou, PSČ 59101"
TJZNO,"TJ Znojmo, z.s.",Jihomoravský,Josef Šoba,"Nad Přehradou 2Znojmo, PSČ 66902"
TRFBR,AC TRACK & FIELD Brno z.s.,Jihomoravský,Karel Walter,"Lidická 1875/40Brno, PSČ 60200"
TRIKV,TRIATLET Karlovy Vary z.s.,Karlovarský,,"Západní 1812/73Karlovy Vary, PSČ 36001"
TRNOV,TJ HVĚZDA Trnovany,Ústecký,Ing. Josef Kalát,"Jugoslávská 2731Teplice, PSČ 41501"
TROBR,"SK TROPS Brno, z.s.",Jihomoravský,Michaela Nádeníčková,"Pompova 338/11Brno, PSČ 61700"
TRUTN,"TJ Lokomotiva Trutnov, z.s.",Královéhradecký,Petr Musil,"Na Svobodě 113Trutnov, PSČ 54101"
TYNOR,"Sportovní klub Týniště nad Orlicí, z. s.",Královéhradecký,Kateřina Kuklová,"Vrchlického 854Týniště nad Orlicí, PSČ 51721"
TZTRI,TJ TŽ Třinec,Moravskoslezský,"TJ TŽ Třinec, oddíl atletiky","Tyršova 863Třinec, PSČ 73961"
UHBRO,Atletický oddíl ŠSK Výsluní Uherský Brod,Jihomoravský,Atletický oddíl ŠSK Výsluní Uh. Brod,"Na Výsluní 2047Uherský Brod, PSČ 68801"
UHHRD,AC Slovácká Slavia Uherské Hradiště,Jihomoravský,Pavel Kunt,"Stonky 860Uherské Hradiště, PSČ 68601"
UJEZD,Atletický oddíl Doubravan Újezd,Středočeský,Josef Ptáček,"Újezd 209Újezd, PSČ 26761"
UJPR9,ŠSK Újezd nad Lesy-Praha,Pražský,Zuzana Olšanová,"Ratajská 1255Praha 9 - Újezd n/L., PSČ 19016"
UNIBR,VSK Univerzita Brno,Jihomoravský,VSK Univerzita Brno,"Blanenská 1Brno, PSČ 62100"
UNICO,TJ Uničov,Olomoucký,Iveta Janků,"Na Nivách 1364Uničov, PSČ 78391"
UNICH,SKP Union Cheb z.s.,Karlovarský,Miloslav Novák,"Stavbařů 1386/12Cheb, PSČ 35002"
UPICE,TJ MARATONSTAV ÚPICE z.s.,Královéhradecký,Karel Šklíba,"Puškinova 961Úpice, PSČ 54232"
USKPR,Univerzitní sportovní klub Praha,Pražský,Univerzitní sportovní klub Praha,"Zátopkova 100/2Praha 6, PSČ 16900"
USKUL,USK PROVOD Ústí n/L.,Ústecký,Alexej Lesnik,"Vojanova 590/26Ústí nad Labem, PSČ 40007"
USORL,"TJ Jiskra Ústí nad Orlicí, z.s.",Pardubický,Eva Hűblová,"S. K. Neumanna 622Ústí nad Orlicí, PSČ 56201"
VALTI,Atletika 4All Valtice z.s.,Jihomoravský,Petra Piharová,"21.Dubna 1053Valtice, PSČ 69142"
VARNS,"TJ Slovan Varnsdorf, z.s.",Ústecký,Jaroslava Skalická,"Raisova 1327Varnsdorf, PSČ 40747"
VEGPR,AK VEGA z.s.,Středočeský,Adriana Dvořáková,"Lipová 56Ohrobec, PSČ 25245"
VELME,TJ Sokol Velké Meziříčí,Vysočina,Ing. Zuzana Villertová,"Sluneční 3Velké Meziříčí, PSČ 59401"
VESAT,"VESELÁ ATLETIKA, z.s.",Jihočeský,Miroslav Veselý,"Todně 40Trhové Sviny, PSČ 37401"
VESEL,TJ Lokomotiva Veselí nad Lužnicí z.s.,Jihočeský,Mgr. Tereza Chýnová,"Pod Vodojemem 707Veselí nad Lužnicí, PSČ 39181"
VINPR,TJ Sokol Praha Královské Vinohrady,Pražský,Martin Ešpandr,"Jeseniova 119Praha 3, PSČ 13000"
VIPLZ,AKM Viktoria Plzeň,Plzeňský,Bohumil Rodek,"Tichá 21Plzeň, PSČ 31801"
VITKO,"SSK Vítkovice, z.s.",Moravskoslezský,Sdružení sportovních klubů Vítkovice Oldřich Zvolánek,"Závodní 2891/86Ostrava-Vítkovice, PSČ 70300"
VLCMN,SK Vlčáci Mníšek pod Brdy z.s.,Středočeský,Petr Vlček,"Pražská 453Mníšek pod Brdy, PSČ 25210"
VMYTO,AC Vysoké Mýto z.s.,Pardubický,Lukáš Dejdar,"Zelené náměstí 577Vysoké Mýto, PSČ 56601"
VRCHL,"SK Vrchlabí, z. s.",Královéhradecký,Dagmar Fišerová,"Polní 672Vrchlabí, PSČ 54301"
ZABBR,TJ Sokol Brno - Žabovřesky,Jihomoravský,Mgr. Tereza Králová,"Oblá 39Brno, PSČ 63400"
ZATEC,AK Žatec,Ústecký,Jan Bajbora,"O. Březiny 1430Žatec, PSČ 43801"
ZIDLO,"ŠAK Židlochovice, zapsaný spolek",Jihomoravský,Mgr. Lukáš Přichystal,"Sídliště Družba 654Židlochovice, PSČ 66701"
ZIROV,SK Žirovnice,Jihočeský,SK Žirovnice,"Nový Svět 211Žirovnice, PSČ 39468"
ZLATN,"SK Sokol Zlatníky, z.s.",Středočeský,Eva Šafaříková,"U Jezera 190Zlatníky - Hodkovice, PSČ 25241"
